Time,GPS_Lat,GPS_Lon,GPS_Alt,Ultrasonic,IMU_X,IMU_Y,IMU_Z
20.604090929031372,,,,,,,
20.70384430885315,,,,,,,
20.80327606201172,,,,,,,
20.904032230377197,,,,,,,
21.003544092178345,,,,,,,
21.103391647338867,,,,,,,
21.20352077484131,,,,,,,
21.303488731384277,,,,,,,
21.40294885635376,,,,,,,
21.503770351409912,,,,,,,
